[{"name":"zaful","url":"https://www.zaful.com","pages":[{"url":"https://www.zaful.com","tests":[{"url":"https://www.facebook.com/tr/?id=458555150989663&ev=PageView&dl=https%3A%2F%2Fwww.zaful.com%2F","params":[{"k":"id","v":"458555150989663"},{"k":"ev","v":"PageView"},{"k":"dl","v":"https%3A%2F%2Fwww.zaful.com%2F"}],"onload":true,"frequency":2000},{"url":"https://www.google-analytics.com/collect?t=pageview&dl=https%3A%2F%2Fwww.zaful.com%2F&ul=zh-cn&de=UTF-8&tid=UA-55634609-1&gtm=Gbe555KK4J","params":[{"k":"t","v":"pageview"},{"k":"dl","v":"https%3A%2F%2Fwww.zaful.com%2F"},{"k":"ul","v":"zh-cn"},{"k":"de","v":"UTF-8"},{"k":"tid","v":"UA-55634609-1"},{"k":"gtm","v":"Gbe555KK4J"}],"onload":true,"frequency":2000}]}]},{"name":"rosegal","url":"https://www.rosegal.com","pages":[{"url":"https://www.rosegal.com","tests":[{"url":"","params":[{"k":"","v":""}],"onload":true,"frequency":2000}]},{"url":"https://www.rosegal.com/plus-size-dresses/sweet-3-4-sleeve-backless-200724.html","tests":[{"url":"","params":[{"k":"","v":""}],"onload":true,"frequency":2000}]},{"url":"https://www.rosegal.com/promotion-womens-sale-special-553.html","tests":[{"url":"","params":[{"k":"","v":""}],"onload":true,"frequency":2000}]}]},{"name":"gamiss","url":"https://www.gamiss.com/","pages":[{"url":"https://www.gamiss.com/","tests":[{"url":"","params":[{"k":"","v":""}],"onload":true,"frequency":2000}]},{"url":"https://www.gamiss.com/cheap/dresses-2/","tests":[{"url":"","params":[{"k":"","v":""}],"onload":true,"frequency":2000}]},{"url":"https://www.gamiss.com/vintage-dresses-343/product962753/","tests":[{"url":"","params":[{"k":"","v":""}],"onload":true,"frequency":2000}]}]},{"name":"rosewholesale","url":"https://www.rosewholesale.com/","pages":[{"url":"https://www.rosewholesale.com/","tests":[{"url":"","params":[{"k":"","v":""}],"onload":true,"frequency":2000}]},{"url":"https://www.rosewholesale.com/cheap-online/christmas-c283/","tests":[{"url":"","params":[{"k":"","v":""}],"onload":true,"frequency":2000}]},{"url":"https://www.rosewholesale.com/cheapest/santa-claus-patterned-knife-and-2141468.html","tests":[{"url":"","params":[{"k":"","v":""}],"onload":true,"frequency":2000}]}]},{"name":"Dresslily","url":"https://www.dresslily.com","pages":[{"url":"https://www.dresslily.com","tests":[{"url":"","params":[{"k":"","v":""}],"onload":true,"frequency":2000}]},{"url":"https://www.dresslily.com/tag/outerwear.html","tests":[{"url":"","params":[{"k":"","v":""}],"onload":true,"frequency":2000}]},{"url":"https://www.dresslily.com/faux-fur-panel-hooded-plus-product2489861.html","tests":[{"url":"","params":[{"k":"","v":""}],"onload":true,"frequency":2000}]}]}]