{
    "https://www.google.is/": "冰岛",
    "https://www.google.dk/": "丹麦",
    "https://www.google.no/": "挪威",
    "https://www.google.se/": "瑞典",
    "https://www.google.fi/": "芬兰",
    "https://www.google.ee/": "爱沙尼亚",
    "https://www.google.lv/": "拉脱维亚",
    "https://www.google.lt/": "立陶宛",
    "https://www.google.ie/": "爱尔兰",
    "https://www.google.co.uk/": "英国",
    "https://www.google.gg/": "根西",
    "https://www.google.je/": "泽西",
    "https://www.google.im/": "马恩",
    "https://www.google.fr/": "法国",
    "https://www.google.nl/": "荷兰",
    "https://www.google.be/": "比利时",
    "https://www.google.lu/": "卢森堡",
    "https://www.google.de/": "德国",
    "https://www.google.at/": "奥地利",
    "https://www.google.ch/": "瑞士",
    "https://www.google.li/": "列支敦士登",
    "https://www.google.pt/": "葡萄牙",
    "https://www.google.es/": "西班牙",
    "https://www.google.com.gi/": "直布罗陀",
    "https://www.google.ad/": "安道尔",
    "https://www.google.it/": "意大利",
    "https://www.google.com.mt/": "马耳他",
    "https://www.google.sm/": "圣马力诺",
    "https://www.google.gr/": "希腊",
    "https://www.google.ru/": "俄罗斯",
    "https://www.google.com.by/": "白俄罗斯",
    "https://www.google.com.ua/": "乌克兰",
    "https://www.google.pl/": "波兰",
    "https://www.google.cz/": "捷克",
    "https://www.google.sk/": "斯洛伐克",
    "https://www.google.hu/": "匈牙利",
    "https://www.google.si/": "斯洛文尼亚",
    "https://www.google.hr/": "克罗地亚",
    "https://www.google.ba/": "波黑",
    "https://www.google.me/": "黑山",
    "https://www.google.rs/": "塞尔维亚",
    "https://www.google.mk/": "马其顿",
    "https://www.google.bg/": "保加利亚",
    "https://www.google.ro/": "罗马尼亚",
    "https://www.google.md/": "摩尔多瓦",
    "https://www.google.com.hk/": "中国香港 ",
    "https://www.google.com.tw/": "中国台湾 ",
    "https://www.google.mn/": "蒙古",
    "https://www.google.co.kr/": "韩国",
    "https://www.google.co.jp/": "日本",
    "https://www.google.com.vn/": "越南",
    "https://www.google.la/": "老挝",
    "https://www.google.com.kh/": "柬埔寨",
    "https://www.google.co.th/": "泰国",
    "https://www.google.com.my/": "马来西亚",
    "https://www.google.com.sg/": "新加坡",
    "https://www.google.com.bn/": "文莱达鲁萨兰国",
    "https://www.google.com.ph/": "菲律宾",
    "https://www.google.co.id/": "印度尼西亚",
    "https://www.google.tp/": "东帝汶",
    "https://www.google.kz/": "哈萨克斯坦",
    "https://www.google.kg/": "吉尔吉斯斯坦",
    "https://www.google.com.tj/": "塔吉克斯坦",
    "https://www.google.co.uz/": "乌兹别克斯坦",
    "https://www.google.tm/": "土库曼斯坦",
    "https://www.google.com.af/": "阿富汗",
    "https://www.google.com.pk/": "巴基斯坦",
    "https://www.google.com.np/": "尼泊尔",
    "https://www.google.co.in/": "印度",
    "https://www.google.com.bd/": "孟加拉国",
    "https://www.google.lk/": "斯里兰卡",
    "https://www.google.mv/": "马尔代夫",
    "https://www.google.com.kw/": "科威特",
    "https://www.google.com.sa/": "沙特阿拉伯",
    "https://www.google.com.bh/": "巴林",
    "https://www.google.ae/": "阿联酋",
    "https://www.google.com.om/": "阿曼",
    "https://www.google.jo/": "约旦",
    "https://www.google.co.il/": "以色列",
    "https://www.google.com.lb/": "黎巴嫩",
    "https://www.google.com.tr/": "土耳其",
    "https://www.google.az/": "阿塞拜疆",
    "https://www.google.am/": "亚美尼亚",
    "https://www.google.co.ls/": "莱索托",
    "https://www.google.com.eg/": "埃及",
    "https://www.google.com.ly/": "利比亚",
    "https://www.google.dz/": "阿尔及利亚",
    "https://www.google.co.ma/": "摩洛哥",
    "https://www.google.sn/": "塞内加尔",
    "https://www.google.gm/": "冈比亚",
    "https://www.google.ml/": "马里",
    "https://www.google.bf/": "布基纳法索",
    "https://www.google.com.sl/": "塞拉利昂",
    "https://www.google.ci/": "科特迪瓦",
    "https://www.google.com.gh/": "加纳",
    "https://www.google.tg/": "多哥",
    "https://www.google.bj/": "贝宁",
    "https://www.google.ne/": "尼日尔",
    "https://www.google.com.ng/": "尼日利亚",
    "https://www.google.sh/": "圣赫勒拿",
    "https://www.google.cm/": "喀麦隆",
    "https://www.google.td/": "乍得",
    "https://www.google.cf/": "中非",
    "https://www.google.ga/": "加蓬",
    "https://www.google.cg/": "刚果（布）",
    "https://www.google.cd/": "刚果（金）",
    "https://www.google.it.ao/": "安哥拉",
    "https://www.google.com.et/": "埃塞俄比亚",
    "https://www.google.dj/": "吉布提",
    "https://www.google.co.ke/": "肯尼亚",
    "https://www.google.co.ug/": "乌干达",
    "https://www.google.co.tz/": "坦桑尼亚",
    "https://www.google.rw/": "卢旺达",
    "https://www.google.bi/": "布隆迪",
    "https://www.google.mw/": "马拉维",
    "https://www.google.co.mz/": "莫桑比克",
    "https://www.google.mg/": "马达加斯加",
    "https://www.google.sc/": "塞舌尔",
    "https://www.google.mu/": "毛里求斯",
    "https://www.google.co.zm/": "赞比亚",
    "https://www.google.co.zw/": "津巴布韦",
    "https://www.google.co.bw/": "博茨瓦纳",
    "https://www.google.com.na/": "纳米比亚",
    "https://www.google.co.za/": "南非",
    "https://www.google.com.au/": "澳大利亚",
    "https://www.google.com.nf/": "诺福克岛",
    "https://www.google.co.nz/": "新西兰",
    "https://www.google.com.sb/": "所罗门群岛",
    "https://www.google.com.fj/": "斐济",
    "https://www.google.fm/": "密克罗尼西亚",
    "https://www.google.ki/": "基里巴斯",
    "https://www.google.nr/": "瑙鲁",
    "https://www.google.tk/": "托克劳",
    "https://www.google.ws/": "萨摩亚",
    "https://www.google.as/": "东萨摩亚",
    "https://www.google.to/": "汤加",
    "https://www.google.nu/": "纽埃",
    "https://www.google.co.ck/": "库克群岛",
    "https://www.google.com.do/": "多米尼加",
    "https://www.google.tt/": "特立尼达和多巴哥",
    "https://www.google.com.co/": "哥伦比亚",
    "https://www.google.com.ec/": "厄瓜多尔",
    "https://www.google.co.ve/": "委内瑞拉",
    "https://www.google.gy/": "圭亚那",
    "https://www.google.com.pe/": "秘鲁",
    "https://www.google.com.bo/": "玻利维亚",
    "https://www.google.com.py/": "巴拉圭",
    "https://www.google.com.br/": "巴西",
    "https://www.google.com.uy/": "乌拉圭",
    "https://www.google.com.ar/": "阿根廷",
    "https://www.google.cl/": "智利",
    "https://www.google.gl/": "格陵兰",
    "https://www.google.ca/": "加拿大",
    "https://www.google.com/": "美国",
    "https://www.google.com.mx/": "墨西哥",
    "https://www.google.com.gt/": "危地马拉",
    "https://www.google.com.bz/": "伯利兹",
    "https://www.google.com.sv/": "萨尔瓦多",
    "https://www.google.hn/": "洪都拉斯",
    "https://www.google.com.ni/": "尼加拉瓜",
    "https://www.google.co.cr/": "哥斯达黎加",
    "https://www.google.com.pa/": "巴拿马",
    "https://www.google.bs/": "巴哈马",
    "https://www.google.com.cu/": "古巴",
    "https://www.google.com.jm/": "牙买加",
    "https://www.google.ht/": "海地"
}